"","X","A"
"1",1,-1.76979277952328
"2",2,-2.56073163254052
"3",3,-1.15170089185792
"4",4,-3.29291873728803
"5",5,-0.740082374066936
"6",6,-2.20248831430372
"7",7,0.693444385822173
"8",8,0.256228042598678
"9",9,-2.54965875250174
"10",10,0.353333308354499
"11",11,-2.61475666771057
"12",12,-1.97990124244926
"13",13,-2.48101916316169
"14",14,-2.49250617012314
"15",15,-2.94368993849354
"16",16,-3.31247828751497
"17",17,-3.09405865904501
"18",18,-2.05540221665821
"19",19,0.0231231459851178
"20",20,-1.16037316209066
"21",21,-1.60385657121965
"22",22,-1.77935458271353
"23",23,-1.56980880273612
"24",24,-2.54429256918081
"25",25,-2.48311947616759
"26",26,-1.17511361903091
"27",27,-2.00520089030923
"28",28,-0.100142852892273
"29",29,-0.890008268565299
"30",30,0.362631759171011
"31",31,-3.24698308047943
"32",32,-2.85037064955927
"33",33,-1.71811740680484
"34",34,-1.55972523456529
"35",35,-1.5599316530563
"36",36,-3.78448460105047
"37",37,-4.87795441122106
"38",38,-3.84085781397154
"39",39,-2.66433789397032
"40",40,-0.819752253987382
"41",41,-3.13105054916188
"42",42,-1.97120083097718
"43",43,-2.96048572129152
"44",44,-2.18239867757695
"45",45,-2.80623240887811
"46",46,-1.08031471417092
"47",47,0.218408694903721
"48",48,-2.24850473792899
"49",49,-0.207685585126334
"50",50,-2.05710927354928
"51",51,-0.429335650452241
"52",52,-0.275348583347298
"53",53,-2.4629913449851
"54",54,-0.378123336032874
"55",55,-2.35475894857115
"56",56,0.0462939286458179
"57",57,-1.64730761936897
"58",58,-2.28476624070523
"59",59,-2.69071474070194
"60",60,-1.89969299387991
"61",61,-1.82025860924121
"62",62,-2.54735359438884
"63",63,-0.686482063203886
"64",64,-1.70043337051454
"65",65,-2.83113734363637
"66",66,-1.98477061827882
"67",67,-2.19978783143747
"68",68,-2.4040639083341
"69",69,-4.12426884967032
"70",70,-3.27476050864981
"71",71,-2.56486396800084
"72",72,-1.63815859322141
"73",73,-0.250318672481616
"74",74,-1.30536598954806
"75",75,-1.47834432680265
"76",76,-2.69442003691864
"77",77,-4.06997413206295
"78",78,-1.70544511925732
"79",79,-1.78998917413256
"80",80,-2.1320631260965
"81",81,-3.17731508499019
"82",82,-2.44696406526559
"83",83,-2.87494198424205
"84",84,-1.93872243714114
"85",85,-1.90626290542853
"86",86,-1.35164853771274
"87",87,-2.21885440349908
"88",88,-1.49756816227281
"89",89,-1.83846379495236
"90",90,-3.16723747847079
"91",91,-1.85136029411218
"92",92,-0.0731334250920397
"93",93,-1.28615779319471
"94",94,-1.78749028744453
"95",95,-2.03825567881128
"96",96,-1.12087178872485
"97",97,-3.29603128108189
"98",98,-2.82859050379732
"99",99,-4.08548807506622
"100",100,-3.52252742096709
"101",101,-3.53275277864142
"102",102,-0.908755232080176
"103",103,-1.79048176773996
"104",104,-0.671259690536179
"105",105,-1.80081579193167
"106",106,-5.65102754360735
"107",107,0.738078505266113
"108",108,-2.46998624723157
"109",109,-2.44224677333733
"110",110,-0.269330807850822
"111",111,-1.98793039814304
"112",112,-2.35813271393283
"113",113,-1.56409330511803
"114",114,-0.327074850602128
"115",115,-3.45414920786978
"116",116,-2.72476773174337
"117",117,-2.78327868678036
"118",118,-2.3512848548069
"119",119,-2.08694216476838
"120",120,-3.06508595871685
"121",121,-4.03633976068214
"122",122,-0.930426409040616
"123",123,-2.95702680801431
"124",124,-3.52804905930714
"125",125,-1.46433798678144
"126",126,-1.95571816295327
"127",127,-1.34617432533483
"128",128,-4.19959605683029
"129",129,-3.862386524936
"130",130,-1.03061140684799
"131",131,-1.60764323220992
"132",132,0.621549842476565
"133",133,-2.23990568667928
"134",134,-1.7261024631674
"135",135,-2.62730228681471
"136",136,-0.238756452992932
"137",137,-0.414782827359125
"138",138,-2.35523119338936
"139",139,-1.67040717321248
"140",140,-1.54231576910385
"141",141,-1.11118104487295
"142",142,-1.62023574654115
"143",143,-2.89851657590011
"144",144,-3.06696299334264
"145",145,-3.51038585411316
"146",146,-1.73398610024168
"147",147,-2.42454746561066
"148",148,-0.00193597025187486
"149",149,-1.64213646139724
"150",150,-3.10026573376089
"151",151,-3.37879119436504
"152",152,-0.228078809190989
"153",153,-4.12877956334946
"154",154,-2.51258645158187
"155",155,-0.652991751650097
"156",156,-2.12674300096537
"157",157,1.10431855080758
"158",158,-1.0114145664198
"159",159,-2.2728947881603
"160",160,-2.35406358275919
"161",161,-2.19734296680185
"162",162,1.1874206675552
"163",163,-0.811525048036409
"164",164,-4.38475275675959
"165",165,-2.58923769892219
"166",166,-2.49905733717026
"167",167,-1.03594325947154
"168",168,-0.949273847889289
"169",169,0.805514968705554
"170",170,-2.65063461233678
"171",171,-3.21675798364048
"172",172,-0.85759025682402
"173",173,-3.08816031981926
"174",174,-2.17500422455781
"175",175,-4.15183430670818
"176",176,-1.4638579533165
"177",177,-1.83524581132102
"178",178,-0.865143691343243
"179",179,-1.72631385155733
"180",180,-3.56471798170322
"181",181,-1.98787722310734
"182",182,-2.30736054937963
"183",183,-4.08317055444213
"184",184,-1.58766563234792
"185",185,-1.01431302897777
"186",186,-3.06801785189329
"187",187,-2.61158955525049
"188",188,-0.951692192786521
"189",189,-1.54900476144446
"190",190,-2.06683463361123
"191",191,-1.45176864435176
"192",192,-2.12251138482532
"193",193,-3.48253051243941
"194",194,-2.01147911401962
"195",195,-3.61899794623776
"196",196,-0.666915107894647
"197",197,-4.32486926679945
"198",198,-0.13919929051516
"199",199,-2.18795410658529
"200",200,-1.99372274077393
"201",201,-1.68408464856279
"202",202,-3.56037909798105
"203",203,-2.98007648815928
"204",204,-1.14896184849678
"205",205,-0.785966677658459
"206",206,-2.67432225092104
"207",207,-3.56509358996653
"208",208,-3.38626367346136
"209",209,-2.02402555781753
"210",210,0.175294503047904
"211",211,-0.33202841577746
"212",212,-2.23142744628299
"213",213,-2.06818266561413
"214",214,-1.29657747670535
"215",215,-1.31719781049464
"216",216,-1.51970021436606
"217",217,-0.452546823242986
"218",218,-5.88326681850958
"219",219,-2.25539023095488
"220",220,-4.53291241317264
"221",221,-2.04052285350536
"222",222,-1.41190369879022
"223",223,-2.33859462072353
"224",224,-2.22452071890829
"225",225,-3.01023671082144
"226",226,-1.41868352513344
"227",227,-1.51275284066434
"228",228,-2.09637996952856
"229",229,-2.61451618849449
"230",230,-3.49817819208315
"231",231,-0.63857254295929
"232",232,-0.555482957472844
"233",233,-0.427760681887234
"234",234,-2.90770182823382
"235",235,-1.17891940991572
"236",236,-3.20238945647431
"237",237,-2.81190533516614
"238",238,-1.94625727931979
"239",239,-2.68925471016033
"240",240,-2.26966515447298
"241",241,-2.13052549844712
"242",242,-2.94260244842713
"243",243,-0.186639968890284
"244",244,-3.48656902007483
"245",245,-2.3575451629326
"246",246,-2.26243890053413
"247",247,-2.5241906356623
"248",248,-2.77692886567906
"249",249,-0.827676729800404
"250",250,-3.1825179490678
"251",251,-3.68239032050699
"252",252,-0.944029682448477
"253",253,-3.47530839804158
"254",254,-1.02992338633765
"255",255,-2.8442903835809
"256",256,-1.13955755787013
"257",257,-3.28501570993436
"258",258,-3.33147591482702
"259",259,-1.8982830784574
"260",260,-2.94994640837536
"261",261,-2.57510486211789
"262",262,-1.48142571153332
"263",263,-2.72576253821181
"264",264,-1.2295849045737
"265",265,-0.498046046011624
"266",266,-1.5793419389465
"267",267,-0.28101933863017
"268",268,-1.40251261541456
"269",269,-1.1202085620251
"270",270,-1.61531956639141
"271",271,-1.89475244909586
"272",272,-1.45487527886313
"273",273,-1.00065264837062
"274",274,-5.271080664293
"275",275,-1.48778328411671
"276",276,-3.54615797755882
"277",277,-4.20062933339976
"278",278,-2.06333590342459
"279",279,-2.42729268910781
"280",280,-3.20591235185529
"281",281,0.299114502432849
"282",282,-3.00044808203192
"283",283,-2.08230912097673
"284",284,-1.93593334466712
"285",285,-3.06045177648445
"286",286,-2.06648330322316
"287",287,-1.05373060308958
"288",288,-1.3758193595076
"289",289,0.127121050861037
"290",290,-0.35712759034812
"291",291,-0.464971035006974
"292",292,-3.19760482979998
"293",293,-2.66886670131143
"294",294,-0.834024910176026
"295",295,-1.31106753911297
"296",296,-2.27488051410209
"297",297,-2.50608654574672
"298",298,-4.42523307571094
"299",299,-2.27201692851695
"300",300,-3.74135700148863
"301",301,-2.24722324633192
"302",302,-1.85545475778757
"303",303,0.714197206824182
"304",304,-1.05326076551169
"305",305,-1.72423246033094
"306",306,-2.66031248115825
"307",307,-1.03709338921943
"308",308,-2.86234427357896
"309",309,-2.34562990241824
"310",310,0.694741615071908
"311",311,-2.73454780887264
"312",312,-1.65812467252799
"313",313,-2.60548306639856
"314",314,-0.982474754431306
"315",315,-4.05011465496948
"316",316,-1.93610990623866
"317",317,-2.7599674042774
"318",318,-3.675418911078
"319",319,-3.39976487902566
"320",320,-2.63602986331897
"321",321,-1.60178920440997
"322",322,-1.65760408469091
"323",323,-2.46277249727178
"324",324,-3.25451016344415
"325",325,-0.352994350389426
"326",326,-3.03118202591649
"327",327,-3.85428997015822
"328",328,-2.55903620228425
"329",329,-1.44843151381716
"330",330,-0.254296150100552
"331",331,-2.29184164440788
"332",332,-3.29475713467321
"333",333,-2.09107691656043
"334",334,-1.98723675780529
"335",335,-1.09610008420208
"336",336,-0.577567254695342
"337",337,-2.81124768214905
"338",338,-1.46967257395162
"339",339,-2.71232361559909
"340",340,-2.10679213668203
"341",341,-0.869357910543564
"342",342,-3.26114985297859
"343",343,-1.96711488993144
"344",344,-4.81975648058555
"345",345,-3.35346776492988
"346",346,-1.17580746903778
"347",347,0.491878030470394
"348",348,-1.11191490398648
"349",349,-4.08912053254165
"350",350,-2.21114001886548
"351",351,-6.25681955706075
"352",352,-1.52321881216696
"353",353,-3.02161886025676
"354",354,-0.313570746031034
"355",355,0.250635243259094
"356",356,-1.3313440534868
"357",357,-3.24961925547864
"358",358,-4.20548121338197
"359",359,-1.73495382220858
"360",360,-0.24506316162526
"361",361,-2.04987639003808
"362",362,-3.13114128371343
"363",363,-2.67756851876725
"364",364,-0.481650110721243
"365",365,-2.48684302827479
"366",366,-0.868321142134394
"367",367,0.470550445361422
"368",368,-2.86523539821402
"369",369,-2.76190957219538
"370",370,-0.526795563440277
"371",371,-1.11310256930644
"372",372,-1.35013256974662
"373",373,-2.38710695336161
"374",374,-0.537675354666447
"375",375,-1.4841128606148
"376",376,-1.39830822731463
"377",377,-1.77773489315003
"378",378,-3.31516001039073
"379",379,-3.9836947644398
"380",380,-0.95102774666677
"381",381,-3.2029762669939
"382",382,-2.68010004465305
"383",383,-2.73431082859203
"384",384,0.245587090688791
"385",385,-3.59851258446205
"386",386,-2.22513419000223
"387",387,-1.37159756248187
"388",388,-1.4978217510796
"389",389,-3.2580088640583
"390",390,-0.3637840334825
"391",391,0.286892721098817
"392",392,-2.10633441500106
"393",393,-1.07838949295477
"394",394,-1.64369115033436
"395",395,-1.10325403089101
"396",396,-2.82275782152017
"397",397,-0.0385999033101607
"398",398,-1.77286528740411
"399",399,-3.06478332513563
"400",400,-1.49261790497789
"401",401,-3.13830463427909
"402",402,-1.9772093880639
"403",403,-2.22118193101022
"404",404,-2.18219573877007
"405",405,-2.11465073135563
"406",406,-3.76658508968684
"407",407,-2.99457478492987
"408",408,-1.65165622098543
"409",409,-1.76209978683561
"410",410,-2.9891075173159
"411",411,-2.93981528788358
"412",412,-0.385563009506929
"413",413,-2.9331828873916
"414",414,-2.87861275930549
"415",415,-2.89703971040457
"416",416,-3.21115094097265
"417",417,-1.6896987223708
"418",418,-0.123655801522684
"419",419,-1.62203594940811
"420",420,-1.7487517570487
"421",421,-1.93314555127542
"422",422,-1.34730462398742
"423",423,-2.45597307193912
"424",424,-0.912468279451163
"425",425,-3.68660372276307
"426",426,-3.30724057593195
"427",427,-1.53686288077331
"428",428,-2.49570755358966
"429",429,-2.39872954266154
"430",430,-2.07782869755748
"431",431,-0.713764934739317
"432",432,-2.716452847599
"433",433,-2.13568727931998
"434",434,-0.951629510183724
"435",435,-0.839192631056152
"436",436,-1.58414096851926
"437",437,-4.49585782275212
"438",438,0.267802768583775
"439",439,-1.0842919500861
"440",440,0.054922715619421
"441",441,-3.39266344394469
"442",442,-0.465217738192951
"443",443,-0.127559038652524
"444",444,-2.11997180008722
"445",445,-0.691943899792529
"446",446,-4.00724475006036
"447",447,-2.77746614332643
"448",448,-2.27423175515313
"449",449,-1.23821208792588
"450",450,-1.38085731987012
"451",451,-1.28663061570986
"452",452,-0.323910100030009
"453",453,-2.78439731011729
"454",454,-2.8453981924982
"455",455,-0.57466254275854
"456",456,-2.00875806091161
"457",457,-3.45346881489211
"458",458,-2.85003889546048
"459",459,-2.6048200458859
"460",460,-1.66533027766425
"461",461,-1.51663721513282
"462",462,-0.48835516048182
"463",463,-0.662620745482632
"464",464,-0.78137981521347
"465",465,-4.88228904419008
"466",466,-1.11360740570496
"467",467,-1.10129259167493
"468",468,-2.20327016555695
"469",469,-4.29533075447814
"470",470,-1.338744076102
"471",471,-2.99949723661637
"472",472,-2.38700023212267
"473",473,-1.9546034817458
"474",474,-0.961448549484585
"475",475,-1.74635826789049
"476",476,-3.87266491407142
"477",477,-1.29968213842394
"478",478,-0.970013948864681
"479",479,-3.44968383756722
"480",480,-3.69650652375924
"481",481,-0.581928745169866
"482",482,-2.25299154061692
"483",483,-2.79494319183606
"484",484,-0.767562696468331
"485",485,-1.47565202568481
"486",486,-1.41127031897807
"487",487,-0.336823678345457
"488",488,-3.47405732416669
"489",489,-0.199094237113352
"490",490,-0.581099646097771
"491",491,-0.961695582540487
"492",492,-1.48236273183141
"493",493,-0.921317236439883
"494",494,-2.90831199641841
"495",495,-1.52336471490226
"496",496,-3.93040339310935
"497",497,-4.69672832605585
"498",498,-1.61425852345848
"499",499,-2.2708733779555
"500",500,-2.36727120352956
"501",501,-4.27570679996961
"502",502,-1.27354261111232
"503",503,-4.39075459948544
"504",504,-2.90853378815059
"505",505,-3.65481763055447
"506",506,-2.62925201339278
"507",507,-2.03844441968286
"508",508,-3.15541024255038
"509",509,-2.14903673824447
"510",510,-1.87179256931665
"511",511,-3.46460710737099
"512",512,-1.46823863665382
"513",513,-1.02562480146034
"514",514,-2.16548601448215
"515",515,-3.44070368132417
"516",516,-1.17150161420464
"517",517,-1.10151613327631
"518",518,-1.10006927048037
"519",519,-3.68114534674107
"520",520,-0.0677573549190389
"521",521,-3.17175160181359
"522",522,-2.60964471304302
"523",523,0.876349012895601
"524",524,-1.4510662888468
"525",525,0.238742496984982
"526",526,-1.48233057726904
"527",527,-3.25102925615806
"528",528,-1.68967412975854
"529",529,-1.04476109761077
"530",530,-2.42899634435017
"531",531,-2.61262352950863
"532",532,-2.16448149814767
"533",533,-2.12507909259095
"534",534,-1.71706242598704
"535",535,-2.18345775008167
"536",536,-0.925468459101048
"537",537,-1.79956808158575
"538",538,-1.20209921477875
"539",539,-1.01218610516424
"540",540,-2.56657133568072
"541",541,-0.552899868065253
"542",542,-1.99838804505782
"543",543,-1.83032270911088
"544",544,-1.06563247657558
"545",545,-2.88904864333289
"546",546,-2.06895397293058
"547",547,-1.41921379175804
"548",548,-0.403789839369137
"549",549,-3.61896977667033
"550",550,-2.92387677108936
"551",551,-1.12012452278895
"552",552,-2.96172443545951
"553",553,-1.4834873731793
"554",554,-2.41861053717153
"555",555,-1.51071323695863
"556",556,-3.87547714619826
"557",557,-3.03310583009909
"558",558,-1.2866470184617
"559",559,-1.33266641558131
"560",560,-2.3325093863916
"561",561,-2.70430869093876
"562",562,-2.95468645941723
"563",563,-2.65134905400489
"564",564,-2.11760727472409
"565",565,-1.93875514311859
"566",566,-2.84992226933336
"567",567,-0.992283312058022
"568",568,-2.63197142574426
"569",569,-2.34459058597315
"570",570,-3.52685938379185
"571",571,-2.19008991199327
"572",572,-0.305399708116469
"573",573,-0.94612895755389
"574",574,-2.40213999244783
"575",575,-1.10460762551813
"576",576,-4.50235920961249
"577",577,-1.82405956041404
"578",578,-0.73547722263994
"579",579,-0.827633089781805
"580",580,-1.3852288638017
"581",581,-1.08313431731232
"582",582,-1.98555942317008
"583",583,-1.78116716193297
"584",584,-3.3800722448191
"585",585,-3.30185847934469
"586",586,-1.53002776564909
"587",587,-2.78682738634522
"588",588,-3.60432139939532
"589",589,-2.47127626929589
"590",590,-0.899960702990864
"591",591,-1.82214275799864
"592",592,-2.4535214206308
"593",593,-2.51013783037544
"594",594,-4.62822556571063
"595",595,-2.7892285960425
"596",596,-3.79905087143095
"597",597,-2.54839787439771
"598",598,-4.48402193673505
"599",599,-2.60143726408803
"600",600,-0.32395492308981
"601",601,-2.48675799095931
"602",602,-0.975925628301151
"603",603,-1.03840336237105
"604",604,-1.83228890044692
"605",605,-0.899411272096235
"606",606,-3.00699205692284
"607",607,-0.811678524060145
"608",608,-2.22509569020338
"609",609,-0.280455470205369
"610",610,-2.32897013826016
"611",611,-1.69627926617121
"612",612,-2.44556004060918
"613",613,-3.58417148451121
"614",614,-2.78431015973297
"615",615,-2.440957631239
"616",616,-5.10624570148317
"617",617,-3.05695907438366
"618",618,-2.21133931125482
"619",619,-2.04045006836574
"620",620,-0.540584417611218
"621",621,-2.1045916164802
"622",622,-1.61972465632998
"623",623,-0.534626560404285
"624",624,-2.87709137555629
"625",625,-2.87284014502415
"626",626,-4.30104324523502
"627",627,-1.44636726688656
"628",628,0.177542180594554
"629",629,-3.2190689498177
"630",630,-2.76703589679969
"631",631,-1.08250279783969
"632",632,-3.31825358684509
"633",633,-3.28367120582385
"634",634,-2.49586076852723
"635",635,-2.04419640344886
"636",636,-1.91918455501053
"637",637,-3.06628317211762
"638",638,-1.97024919536332
"639",639,-2.19955118135991
"640",640,-1.79669745079406
"641",641,-2.98807726213157
"642",642,-1.65838288419174
"643",643,-2.52281511133097
"644",644,-1.22092775010636
"645",645,-2.54049591678815
"646",646,-1.27964924928298
"647",647,-1.73214897925734
"648",648,-0.323821642323423
"649",649,-2.89152015848865
"650",650,-0.652467337704196
"651",651,-2.55262641399589
"652",652,-2.36615329277248
"653",653,-2.4155018006812
"654",654,-2.2192368772633
"655",655,-1.35310944878124
"656",656,-1.67407626036169
"657",657,-2.54665946794896
"658",658,-1.49200822451639
"659",659,-3.52916724618371
"660",660,-3.9686413447778
"661",661,-2.18808300089855
"662",662,-1.66765571956588
"663",663,-2.93770396786661
"664",664,-4.01534361046137
"665",665,-1.4695618763388
"666",666,-3.3301225720117
"667",667,-1.55901890099375
"668",668,-0.902077178156842
"669",669,-3.07359396241702
"670",670,-1.56051044653447
"671",671,-2.94445178336494
"672",672,-0.625187597811501
"673",673,-3.5957787437356
"674",674,-1.22649492875565
"675",675,-0.496358969184383
"676",676,-2.77965274363561
"677",677,0.173919464455537
"678",678,-1.8059688338373
"679",679,-3.63583638065902
"680",680,-4.44253513779158
"681",681,-3.00522931976419
"682",682,-3.01896272728513
"683",683,-1.32408830339659
"684",684,-4.24413219542546
"685",685,-0.336917879513108
"686",686,0.167674306369245
"687",687,-2.21426194636073
"688",688,-0.908074277434684
"689",689,-2.14532875618322
"690",690,-1.72147425845077
"691",691,-2.98175148302921
"692",692,-3.21517474081077
"693",693,-0.646187204797951
"694",694,-2.95295384736634
"695",695,-0.889761542399087
"696",696,-2.75178430356997
"697",697,-2.10952883418511
"698",698,-1.27737106537423
"699",699,-1.64633941165909
"700",700,-2.03963652482941
"701",701,-1.08514077918111
"702",702,-2.18918350048084
"703",703,-1.78261527100573
"704",704,-0.0267871952108041
"705",705,0.260294025775849
"706",706,-2.32856985837472
"707",707,-2.23055786882052
"708",708,-3.22483346612245
"709",709,-3.28916351896033
"710",710,-0.718191703014274
"711",711,-0.610478429562393
"712",712,-1.76171029992818
"713",713,-2.79343477561964
"714",714,-0.351920691448356
"715",715,-2.15034139730383
"716",716,-1.79272389988819
"717",717,0.406122466002474
"718",718,-1.46683941393373
"719",719,-4.4609131094384
"720",720,-3.71760383069759
"721",721,-2.28923421220862
"722",722,-1.96861248227401
"723",723,-2.16823137165606
"724",724,-3.66861943562895
"725",725,-3.07116283212142
"726",726,-1.01294495347574
"727",727,-3.40799646512178
"728",728,-0.723713789822899
"729",729,-0.699847443073591
"730",730,-1.72653744562786
"731",731,-0.327439389003221
"732",732,-1.08269228146356
"733",733,-0.416082559310879
"734",734,-0.988812472862545
"735",735,-1.38897489288154
"736",736,-2.55325957176741
"737",737,-2.11549871411858
"738",738,-0.390776024316207
"739",739,-0.49794283259023
"740",740,-0.755189442207462
"741",741,-0.275228249499574
"742",742,-3.00427997123457
"743",743,-1.01902215433402
"744",744,-1.70486055049647
"745",745,-2.03030961444325
"746",746,-2.66491115645316
"747",747,-3.26103475259885
"748",748,-0.534085400430177
"749",749,-2.01984615076184
"750",750,-1.93075067082021
"751",751,-1.46547363580532
"752",752,-1.35869516713293
"753",753,-1.71448017774576
"754",754,-0.86405361283921
"755",755,-1.10761324869694
"756",756,-3.53926696926376
"757",757,-2.72361357539391
"758",758,0.0777767832196323
"759",759,-2.17262992468609
"760",760,-3.09845578213296
"761",761,-2.93954940607909
"762",762,-2.69528242254426
"763",763,-2.58695979071858
"764",764,-1.32605276734875
"765",765,-3.17919512072541
"766",766,0.504689510176768
"767",767,-1.54814815872082
"768",768,-0.473185080032918
"769",769,-2.53076712390892
"770",770,-2.73048859114987
"771",771,0.361178506423828
"772",772,0.0253792853544619
"773",773,-1.45299086900848
"774",774,-4.0719995829794
"775",775,-2.9061530801057
"776",776,-1.75341378725607
"777",777,-3.59116698655935
"778",778,-1.07356057451099
"779",779,-2.48654599968034
"780",780,-1.00822546459223
"781",781,-1.44216752231578
"782",782,-0.160619074775964
"783",783,-2.27200745490792
"784",784,-1.89459217059776
"785",785,-1.17993789649461
"786",786,-2.80249678304745
"787",787,-1.13816421174161
"788",788,-2.0762292548053
"789",789,-2.01448960033441
"790",790,-3.61787077433472
"791",791,-0.206679626765271
"792",792,-1.18678343641166
"793",793,-4.10494935884556
"794",794,-3.28772066510573
"795",795,-3.49878715215434
"796",796,-2.8664285540727
"797",797,-1.06262763098599
"798",798,-2.95177291153323
"799",799,-2.76672563087734
"800",800,-0.847931315700387
"801",801,-2.48319769806191
"802",802,-0.598874820012845
"803",803,-3.45682886153478
"804",804,-2.4393381981526
"805",805,-3.70357961439379
"806",806,-1.29896686827176
"807",807,-3.62443410237217
"808",808,0.495864166386371
"809",809,-2.50612274838083
"810",810,-0.408612346621509
"811",811,-3.95526307016128
"812",812,-2.64197834268391
"813",813,-1.07986367854366
"814",814,0.139799876314968
"815",815,-0.919105170364657
"816",816,-1.80697503304609
"817",817,-1.89402904433929
"818",818,-3.32693398936564
"819",819,-1.72141017291316
"820",820,-2.00119322001289
"821",821,-2.30904625462546
"822",822,-1.64607380118127
"823",823,-2.21451533235113
"824",824,-1.65519738289431
"825",825,-0.055429012215805
"826",826,-1.10681333794327
"827",827,-2.71381431628172
"828",828,-3.09826289071071
"829",829,0.706939669460309
"830",830,-0.168625872614271
"831",831,-0.0884992895803594
"832",832,-2.52781297566945
"833",833,-1.21224260198405
"834",834,-0.326060189125266
"835",835,-1.8790381304438
"836",836,-1.20238899621421
"837",837,-1.78246164677021
"838",838,-1.91376196087293
"839",839,-0.619481458192338
"840",840,-1.69869322136388
"841",841,-3.79659743291343
"842",842,-2.90820766384648
"843",843,0.557399349041704
"844",844,-1.30669922653111
"845",845,-1.95495546860049
"846",846,-1.87220756246407
"847",847,-2.38582228858726
"848",848,-1.38118369525041
"849",849,-1.80381365118023
"850",850,-2.58130845736377
"851",851,-2.24097965437222
"852",852,-1.26275554215453
"853",853,-2.16315951756014
"854",854,-3.47620397200932
"855",855,-2.59492580789713
"856",856,-2.799012191067
"857",857,-0.829095530730007
"858",858,-2.18059697720628
"859",859,-3.28098435271604
"860",860,-0.974298581782832
"861",861,-2.80420466701864
"862",862,-0.799201310371502
"863",863,0.751428589641656
"864",864,-3.02284564495368
"865",865,-0.714552968675186
"866",866,-2.92765525637352
"867",867,-2.2753843719277
"868",868,-2.59972229803246
"869",869,-2.74879025736842
"870",870,-3.18769016707026
"871",871,-3.98158492786838
"872",872,-0.653972177596815
"873",873,-1.63246712741098
"874",874,-2.57734423400566
"875",875,1.14093266804391
"876",876,-0.775939487493301
"877",877,-0.986484194817236
"878",878,-3.26130680901503
"879",879,-1.9898666275692
"880",880,-2.10885534668661
"881",881,-1.17659873382534
"882",882,-4.79300664738007
"883",883,-2.48417230162774
"884",884,-0.808970597248457
"885",885,-1.75471064271202
"886",886,-1.05787684082482
"887",887,-1.67324490806987
"888",888,-3.82420111835413
"889",889,-2.0813268806738
"890",890,-3.5872306202556
"891",891,-3.03986411872554
"892",892,-1.16766321667367
"893",893,-0.785476134125133
"894",894,-0.916332365526248
"895",895,-3.52049080351117
"896",896,-2.54847292862385
"897",897,-2.51213815083659
"898",898,-3.37362060102507
"899",899,-4.16975197558645
"900",900,-1.16159176249289
"901",901,-0.604848047704155
"902",902,-1.01290168626615
"903",903,-1.54905369779355
"904",904,-0.0249362340310071
"905",905,-1.842638432133
"906",906,-2.37423986278133
"907",907,-2.90953031455789
"908",908,-0.675080966045602
"909",909,-1.68462816845483
"910",910,-5.00494207309766
"911",911,-1.57371305900763
"912",912,-2.91868036594792
"913",913,-1.52593899615168
"914",914,-1.72642240829215
"915",915,-2.15625035060525
"916",916,-2.22645790465857
"917",917,-3.60376581130189
"918",918,-1.03531397238316
"919",919,-2.47376931582011
"920",920,-1.01051607015313
"921",921,-0.778719540654138
"922",922,-3.35744927649021
"923",923,-1.29548725287006
"924",924,-2.37699981251813
"925",925,-5.09201733010886
"926",926,-3.120578356922
"927",927,-4.32598535205017
"928",928,-1.66272217143293
"929",929,-1.96015777031892
"930",930,-3.3623829660687
"931",931,-0.297119927409096
"932",932,-0.614854685409945
"933",933,1.02558453949624
"934",934,-2.06760507272541
"935",935,-2.44733372306091
"936",936,-1.43874034274831
"937",937,-3.82647051023943
"938",938,-1.39612213248266
"939",939,-1.50470592507419
"940",940,-0.499492243242323
"941",941,-2.5085578036221
"942",942,-2.00821204784582
"943",943,-1.15620462798261
"944",944,0.456161061813282
"945",945,-1.53842419733935
"946",946,-3.5679276363417
"947",947,-3.62439318127472
"948",948,-3.0150890354823
"949",949,-2.0686751867412
"950",950,-1.72063379265279
"951",951,-3.03612416948286
"952",952,-1.17264295804596
"953",953,-0.926174110876215
"954",954,-0.59584073697728
"955",955,-0.378718312153711
"956",956,-0.943085177048117
"957",957,-1.93267226315092
"958",958,-1.26848286503004
"959",959,-3.05313931991445
"960",960,-2.84775880863479
"961",961,-2.63797957107457
"962",962,-2.17719392340681
"963",963,-2.93219570361926
"964",964,-1.29129875860726
"965",965,0.929192352888602
"966",966,-3.10035053498229
"967",967,-1.18703458336637
"968",968,-3.04558001011194
"969",969,-1.18986441291642
"970",970,0.0961925728026567
"971",971,-3.66879185955483
"972",972,-1.55697255882755
"973",973,-0.107509585466651
"974",974,-1.41739295592564
"975",975,-2.15555715125888
"976",976,-2.37404316240346
"977",977,-2.11380232145447
"978",978,-1.78978244766624
"979",979,-1.50508241938595
"980",980,-2.73023502622985
"981",981,-1.71225161929458
"982",982,-0.0701145529632532
"983",983,-4.41655377767877
"984",984,-2.48738596092855
"985",985,-1.90447193085184
"986",986,-0.729936095638043
"987",987,-1.16287527085943
"988",988,-0.989159502279841
"989",989,-2.4878217195225
"990",990,-1.76650653794635
"991",991,-1.87937847784088
"992",992,-0.532640004683329
"993",993,-2.71345120894864
"994",994,-3.28258249736934
"995",995,-2.2126926858802
"996",996,-1.22050681197274
"997",997,-3.76745566819067
"998",998,-2.02764885727238
"999",999,-0.808613989985804
"1000",1000,-4.43500514479399
"1001",1001,-1.80503487906169
"1002",1002,-4.12968966317269
"1003",1003,-1.31242640455389
"1004",1004,-1.65407521899594
"1005",1005,-1.28115147115881
"1006",1006,-2.33993590669434
"1007",1007,-0.473701154490005
"1008",1008,-4.08834799029644
"1009",1009,-1.80869725138185
"1010",1010,-3.72842085329603
"1011",1011,-1.76070779700814
"1012",1012,-1.79142421803796
"1013",1013,-2.53399555159324
"1014",1014,-3.61826033446653
"1015",1015,-2.61167588630355
"1016",1016,-1.45703368012749
"1017",1017,-2.95580676849326
"1018",1018,-1.74926935572657
"1019",1019,-1.78651962155288
"1020",1020,0.294400866189732
"1021",1021,-3.82459330601218
"1022",1022,-3.58582145122225
"1023",1023,-1.47217546584329
"1024",1024,-0.578988155066309
"1025",1025,-1.12318340154136
"1026",1026,-2.75354359308619
"1027",1027,-2.32534002592287
"1028",1028,-3.6272478879638
"1029",1029,-2.78667459382917
"1030",1030,-1.6545524083841
"1031",1031,-2.90158457084466
"1032",1032,-0.713431917679492
"1033",1033,-2.08102815389117
"1034",1034,-2.91559121018937
"1035",1035,-2.81991933500953
"1036",1036,-2.46334503797173
"1037",1037,-3.45619152561488
"1038",1038,-3.14907716691432
"1039",1039,-3.40050233080118
"1040",1040,-1.78218208673771
"1041",1041,-3.21040819587006
"1042",1042,-1.22605859221428
"1043",1043,-2.13898830289997
"1044",1044,-1.6253424004657
"1045",1045,-1.2938834165694
"1046",1046,-0.362871787503538
"1047",1047,-2.0895653446727
"1048",1048,-2.72311105236516
"1049",1049,-2.51546589103707
"1050",1050,-1.73401436111638
"1051",1051,-2.85506057660143
"1052",1052,-2.40308764009712
"1053",1053,-2.71112564834963
"1054",1054,-1.86630628217146
"1055",1055,-0.935031132788694
"1056",1056,-2.55160462893016
"1057",1057,-0.778916692745991
"1058",1058,-1.55637263961074
"1059",1059,-1.2097304386135
"1060",1060,-2.86349810079039
"1061",1061,-1.43517846330512
"1062",1062,-0.588783883205446
"1063",1063,-1.56314064771433
"1064",1064,-1.44029467121294
"1065",1065,-1.91566582605386
"1066",1066,-2.87237939638972
"1067",1067,-3.178885045038
"1068",1068,-2.51355594988151
"1069",1069,-0.583465137584722
"1070",1070,-1.15030030065284
"1071",1071,-3.36721151637244
"1072",1072,-1.24205282421103
"1073",1073,-2.50394222133173
"1074",1074,-3.0667293297947
"1075",1075,-1.53814827580363
"1076",1076,1.58416793281718
"1077",1077,-1.89084559523119
"1078",1078,-3.49544288630659
"1079",1079,-3.40161186261082
"1080",1080,-0.586328839931287
"1081",1081,-1.41623415886195
"1082",1082,-1.89772267514882
"1083",1083,-2.01554622931323
"1084",1084,-2.26859156131727
"1085",1085,-1.76124596316858
"1086",1086,-4.07207955433355
"1087",1087,-2.46569905754395
"1088",1088,-3.21721323827164
"1089",1089,-4.75545982674907
"1090",1090,0.778800569404194
"1091",1091,-4.3264465486177
"1092",1092,-1.34370278217331
"1093",1093,-2.79830602442292
"1094",1094,-3.65686273758871
"1095",1095,-0.576479630114966
"1096",1096,-3.23364993243472
"1097",1097,-1.79239725079079
"1098",1098,-2.75888358916212
"1099",1099,-2.72624199663394
"1100",1100,-3.7628182287264
"1101",1101,-4.00291029500512
"1102",1102,0.626043215792953
"1103",1103,-1.1788429050951
"1104",1104,-1.5116895624664
"1105",1105,-1.59751343114709
"1106",1106,-4.44127912533478
"1107",1107,-3.18903069483758
"1108",1108,-1.76613357114572
"1109",1109,-0.112271073191696
"1110",1110,-1.81853561841368
"1111",1111,-1.87694437610463
"1112",1112,-3.87729097445593
"1113",1113,-1.90329789541614
"1114",1114,-3.03654721333696
"1115",1115,-1.14712149224957
"1116",1116,0.283924022782601
"1117",1117,-3.49016888976651
"1118",1118,-1.01916559876707
"1119",1119,-0.786054108629364
"1120",1120,-3.01838987812561
"1121",1121,-1.77510934955964
"1122",1122,-2.28014904570135
"1123",1123,-2.3722551406413
"1124",1124,-2.41788948860433
"1125",1125,-2.39010062699761
"1126",1126,-2.68371475687571
"1127",1127,-3.02944260157353
"1128",1128,-1.02821985982865
"1129",1129,-3.19891124408193
"1130",1130,-3.02301431413472
"1131",1131,-1.54708238531203
"1132",1132,-2.22731775134441
"1133",1133,-0.949021750523815
"1134",1134,-1.21016419484523
"1135",1135,-1.06852056276013
"1136",1136,-4.30982826400118
"1137",1137,-3.09343096745289
"1138",1138,-2.72426011659838
"1139",1139,-0.879404645605063
"1140",1140,-3.18055502704776
"1141",1141,-3.32879549410836
"1142",1142,-0.950094547600078
"1143",1143,-2.11093734360236
"1144",1144,-0.792659561429409
"1145",1145,-2.70794615721978
"1146",1146,-2.93152318462966
"1147",1147,-1.84465920185203
"1148",1148,-1.61525311732215
"1149",1149,-0.294349202303358
"1150",1150,-1.72215113450059
"1151",1151,-3.56908879110889
"1152",1152,-2.92794953132705
"1153",1153,-1.46604919759136
"1154",1154,-2.91319801974431
"1155",1155,-2.3976528431353
"1156",1156,-2.94382439487682
"1157",1157,-2.89514807184135
"1158",1158,-0.380385445396245
"1159",1159,-2.53963053021148
"1160",1160,-3.9193624025483
"1161",1161,-1.10623600554435
"1162",1162,-2.0348799875146
"1163",1163,0.0379347731229149
"1164",1164,-1.55565114098426
"1165",1165,-0.455228201048354
"1166",1166,-4.27724831193438
"1167",1167,-0.629626153248771
"1168",1168,-1.21664755015935
"1169",1169,-2.73320075630201
"1170",1170,-1.17805051812079
"1171",1171,-1.94060308868697
"1172",1172,-4.63269863619307
"1173",1173,-2.05578611190538
"1174",1174,-1.32325307467885
"1175",1175,-0.916258168006113
"1176",1176,-1.54576538395964
"1177",1177,-0.231478883460867
"1178",1178,-0.596648731139054
"1179",1179,-3.09706774542363
"1180",1180,-3.81303031691211
"1181",1181,-1.96088754625518
"1182",1182,-1.99346277149807
"1183",1183,-0.577916019648936
"1184",1184,-1.09467071154273
"1185",1185,-1.80736543750271
"1186",1186,-1.65359719490389
"1187",1187,-2.50020895234061
"1188",1188,-3.77874998261677
"1189",1189,-1.28799034930825
"1190",1190,-0.951717633969316
"1191",1191,-1.9087748399316
"1192",1192,-2.33109934366168
"1193",1193,-2.79584609909208
"1194",1194,-1.69174742794374
"1195",1195,-1.90048327142637
"1196",1196,-2.48426584944165
"1197",1197,-1.72093512465536
"1198",1198,-0.678323801253271
"1199",1199,-2.57541218219896
"1200",1200,-0.634696263780494
"1201",1201,-2.65039866917655
"1202",1202,-2.88364005403131
"1203",1203,-2.01899487119607
"1204",1204,-2.86279047372099
"1205",1205,-0.756786305429046
"1206",1206,-0.488235914501959
"1207",1207,-2.60326336608733
"1208",1208,-1.97779588882583
"1209",1209,-1.69279756961948
"1210",1210,-0.598472077892114
"1211",1211,0.267720534496458
"1212",1212,-3.46789905741553
"1213",1213,-1.93265774178477
"1214",1214,-0.32564953401993
"1215",1215,-2.5597918839592
"1216",1216,-0.309603793203154
"1217",1217,-2.61284855928426
"1218",1218,-3.00895119869597
"1219",1219,-1.63782324020842
"1220",1220,-1.51882547027979
"1221",1221,-1.83886329450378
"1222",1222,-2.41885004578476
"1223",1223,-0.902709461290282
"1224",1224,-2.92032998041956
"1225",1225,-2.17315879644153
"1226",1226,-1.75514737132426
"1227",1227,-3.56157527246567
"1228",1228,-1.5148484745044
"1229",1229,-3.66290118160012
"1230",1230,-2.01757830017264
"1231",1231,-2.11263070849134
"1232",1232,-2.93997050254051
"1233",1233,0.21205799317496
"1234",1234,-1.83780290686776
"1235",1235,-1.84285843637736
"1236",1236,-1.14288211353492
"1237",1237,-0.338604036580722
"1238",1238,-1.98275183738974
"1239",1239,-0.970390062472884
"1240",1240,-0.90522292458312
"1241",1241,-0.936233343016841
"1242",1242,-1.52695109383249
"1243",1243,-3.33252410751613
"1244",1244,-1.45336615918656
"1245",1245,-1.85036670889587
"1246",1246,-1.8340181350421
"1247",1247,-1.71063979645892
"1248",1248,-3.62931051076813
"1249",1249,-2.80759232532205
"1250",1250,-2.72595995723338
"1251",1251,-2.42016215521063
"1252",1252,-2.55808598191287
"1253",1253,-1.74278885197257
"1254",1254,-1.36957791982262
"1255",1255,-1.63110984016742
"1256",1256,-0.639267579913996
"1257",1257,-0.883501325008367
"1258",1258,-2.74396406423994
"1259",1259,-3.18381483970923
"1260",1260,-0.808267597645357
"1261",1261,-1.52574096950813
"1262",1262,-3.28430789146673
"1263",1263,-1.00039672548254
"1264",1264,0.16001003073165
"1265",1265,-2.20600227607924
"1266",1266,-4.58913959041781
"1267",1267,-2.61632718288402
"1268",1268,-1.84278594277849
"1269",1269,0.279471174050315
"1270",1270,-2.31548420505421
"1271",1271,-0.908440328490721
"1272",1272,-0.241353647906462
"1273",1273,-2.35534594892155
"1274",1274,-0.573588311584568
"1275",1275,-0.776487736244186
"1276",1276,-4.43320530967454
"1277",1277,-2.54025014992283
"1278",1278,1.4993282352408
"1279",1279,-1.64103630508511
"1280",1280,-3.02233575429392
"1281",1281,-3.58996989506723
"1282",1282,-2.58830550958892
"1283",1283,0.109236499829765
"1284",1284,-2.12573539472075
"1285",1285,-3.17826458035436
"1286",1286,-2.25845261780327
"1287",1287,-4.67201323801361
"1288",1288,-0.200113991582537
"1289",1289,-2.0177351728867
"1290",1290,-1.706861880742
"1291",1291,-2.39787883728216
"1292",1292,-1.19714874134467
"1293",1293,-2.0770113582594
"1294",1294,-0.81794302553433
"1295",1295,-0.11206630734848
"1296",1296,-2.19686173879354
"1297",1297,-1.16983032275336
"1298",1298,-2.06816185940442
"1299",1299,-3.40688678153925
"1300",1300,-1.12472486370331
"1301",1301,-2.06692739960926
"1302",1302,-1.67674259848157
"1303",1303,-2.24494595390284
"1304",1304,-3.73254775008852
"1305",1305,-3.33702613051794
"1306",1306,-2.68273097862601
"1307",1307,-1.51434026857283
"1308",1308,-1.15874496785154
"1309",1309,-1.85063335612453
"1310",1310,-0.44547536098459
"1311",1311,-2.30089814998051
"1312",1312,-4.60305067788647
"1313",1313,-1.31392569122506
"1314",1314,-1.25890804636552
"1315",1315,-3.84316516018827
"1316",1316,-2.0359429895371
"1317",1317,1.1172326923422
"1318",1318,-0.00708087259457524
"1319",1319,-1.15742281612312
"1320",1320,-2.69108866451578
"1321",1321,-1.23931650482852
"1322",1322,-0.593792026953173
"1323",1323,-2.83117156808118
"1324",1324,-2.40502804209927
"1325",1325,-2.47040383630364
"1326",1326,-3.60947211942379
"1327",1327,-1.52119752703511
"1328",1328,-0.754490035728716
"1329",1329,-2.38656456328309
"1330",1330,-3.73969029564146
"1331",1331,-2.50700181217095
"1332",1332,-1.9434757128145
"1333",1333,-1.41091600270541
"1334",1334,-1.2080288118515
"1335",1335,0.900215834761515
"1336",1336,-1.47871358431713
"1337",1337,-1.7554244294358
"1338",1338,0.020177079766289
"1339",1339,-0.415629414399047
"1340",1340,-3.30929136170114
"1341",1341,-1.71875688130765
"1342",1342,-3.35773209466204
"1343",1343,-3.17164079882493
"1344",1344,-2.95091813371229
"1345",1345,-2.83510297251809
"1346",1346,-1.70608825542588
"1347",1347,-1.21716211425985
"1348",1348,-2.32435447218386
"1349",1349,-3.20819788990429
"1350",1350,-2.69740346838336
"1351",1351,-1.03938905679738
"1352",1352,-2.6316174367303
"1353",1353,-0.562483090046829
"1354",1354,-1.49298732463619
"1355",1355,-3.02720322897409
"1356",1356,-2.09688861779497
"1357",1357,-2.44077861780259
"1358",1358,-3.0700889253957
"1359",1359,-0.875519565362205
"1360",1360,-1.50864934704121
"1361",1361,-1.75422411541789
"1362",1362,-1.31312816950856
"1363",1363,-2.6245579525768
"1364",1364,-3.20936660322162
"1365",1365,0.208675895705903
"1366",1366,-3.26599844306219
"1367",1367,-2.11688033570129
"1368",1368,-1.95877014899039
"1369",1369,-0.426274075750384
"1370",1370,-2.63339379782697
"1371",1371,-3.16578722347824
"1372",1372,-3.16688025071617
"1373",1373,-3.23931732124479
"1374",1374,-4.07516127607131
"1375",1375,-2.62693474373518
"1376",1376,-4.16100507620621
"1377",1377,-0.448446269006137
"1378",1378,-3.94318100517478
"1379",1379,-2.28603042152931
"1380",1380,-2.38776099431689
"1381",1381,-0.80943698855733
"1382",1382,-1.72247833358688
"1383",1383,-1.07423238128999
"1384",1384,-1.06343233237637
"1385",1385,-0.970139653711012
"1386",1386,-1.09407444447426
"1387",1387,-0.299620973079633
"1388",1388,-3.71679756349762
"1389",1389,-2.89833986853673
"1390",1390,-2.4211830009078
"1391",1391,-1.35777879459936
"1392",1392,-4.73172563257118
"1393",1393,-3.0893426567378
"1394",1394,-2.34502534589287
"1395",1395,-3.20200903881709
"1396",1396,-1.27491142179011
"1397",1397,-1.69815101787796
"1398",1398,-3.53273341469612
"1399",1399,-2.62929198631688
"1400",1400,-3.9795825085194
"1401",1401,-2.75963798508724
"1402",1402,-4.11760025548389
"1403",1403,-2.8017169458865
"1404",1404,-3.22875127035731
"1405",1405,-0.34212762377941
"1406",1406,-2.24142160476392
"1407",1407,-3.96876495860766
"1408",1408,-3.04731809868234
"1409",1409,-1.0062625083759
"1410",1410,-1.4795724371569
"1411",1411,-2.99815196757091
"1412",1412,-3.21678134580864
"1413",1413,-2.23999762711797
"1414",1414,-1.32980591322243
"1415",1415,-1.99752636265448
"1416",1416,-1.63178804284101
"1417",1417,-1.8394933192996
"1418",1418,-0.735597738535776
"1419",1419,-0.891892100739696
"1420",1420,-3.06365864632276
"1421",1421,-0.358789666537771
"1422",1422,-4.53526762596449
"1423",1423,-3.08654026526308
"1424",1424,-0.71486511982732
"1425",1425,-2.28651489708822
"1426",1426,-3.30191619856203
"1427",1427,-1.79924640181219
"1428",1428,-1.08779190259901
"1429",1429,-1.85404295765928
"1430",1430,-1.98866610651249
"1431",1431,-2.52264688159873
"1432",1432,-0.0721567233253333
"1433",1433,-1.77288237156077
"1434",1434,-2.38713069812598
"1435",1435,-0.629127015439896
"1436",1436,-0.723148796684264
"1437",1437,-1.67114172404754
"1438",1438,-1.67501151390488
"1439",1439,-1.9904734881931
"1440",1440,-1.51249066168748
"1441",1441,-3.02305664121486
"1442",1442,-2.81395209251796
"1443",1443,-3.30865105607137
"1444",1444,-3.60964901350507
"1445",1445,-1.5266065459371
"1446",1446,-3.63657367827977
"1447",1447,-2.96782669390081
"1448",1448,-2.38278186780693
"1449",1449,-1.65952119525428
"1450",1450,-3.60687828909329
"1451",1451,-0.624704653639563
"1452",1452,-2.43396182134286
"1453",1453,-3.82476446674765
"1454",1454,-1.7075160425278
"1455",1455,-1.18046777131549
"1456",1456,-0.631432511923384
"1457",1457,-2.55651314657786
"1458",1458,-1.35611522985555
"1459",1459,-3.23603749938288
"1460",1460,-3.86596672510587
"1461",1461,-2.24970598148524
"1462",1462,-0.889280687691007
"1463",1463,-3.41208199766264
"1464",1464,-2.92871265017839
"1465",1465,-1.91155680986881
"1466",1466,-1.0195993630945
"1467",1467,-3.40164344696403
"1468",1468,-1.08938102293676
"1469",1469,-2.16079420535448
"1470",1470,-1.46589776248178
"1471",1471,-3.64388112407494
"1472",1472,0.0113908270708527
"1473",1473,-2.21712148880975
"1474",1474,-1.62106946003007
"1475",1475,-2.7049144837874
"1476",1476,-1.14732563092575
"1477",1477,-2.58085303572444
"1478",1478,-3.13639055919678
"1479",1479,-1.37607306240745
"1480",1480,-1.21051526970196
"1481",1481,-0.968986117162747
"1482",1482,-0.769108021258261
"1483",1483,-1.23719462000502
"1484",1484,-1.60931497404302
"1485",1485,-3.0108175545014
"1486",1486,0.291291447392517
"1487",1487,-2.70168813391012
"1488",1488,-2.55881724218262
"1489",1489,-4.27116731058241
"1490",1490,-2.35886539274041
"1491",1491,-1.46819403021633
"1492",1492,-2.92178710806552
"1493",1493,-0.339076005695934
"1494",1494,-0.996970348613363
"1495",1495,-3.21861634967954
"1496",1496,-0.711342847448759
"1497",1497,-1.64823766999974
"1498",1498,-1.51771811088522
"1499",1499,-1.09306329498836
"1500",1500,-1.17410539676489
"1501",1501,-0.974210281731994
"1502",1502,-1.08990910229696
"1503",1503,-1.58739436949806
"1504",1504,-1.57085970951398
"1505",1505,-1.31926259712093
"1506",1506,0.341233110869303
"1507",1507,-1.27511280748248
"1508",1508,-2.20959030939895
"1509",1509,-3.32135585774741
"1510",1510,-1.66691541618421
"1511",1511,-0.435845853344379
"1512",1512,-3.57329458582188
"1513",1513,-3.8589391010573
"1514",1514,-1.13596596350131
"1515",1515,-2.4346918014207
"1516",1516,-3.54862634037606
"1517",1517,-2.22172448532113
"1518",1518,-0.365592978143718
"1519",1519,-1.95180106309959
"1520",1520,-2.23964304126315
"1521",1521,-3.06490348990406
"1522",1522,-3.91532357991436
"1523",1523,-1.54724267652152
"1524",1524,0.00914319040966571
"1525",1525,-1.76044070537776
"1526",1526,-0.861834475575403
"1527",1527,-2.00705252120865
"1528",1528,-4.06546278062629
"1529",1529,-1.4173091795147
"1530",1530,-2.49866012246872
"1531",1531,-1.69625321825531
"1532",1532,-2.65477295770668
"1533",1533,-3.22264872328518
"1534",1534,-6.06958602175962
"1535",1535,-1.1403468001128
"1536",1536,-2.03440474791467
"1537",1537,-2.62197469219565
"1538",1538,-2.33790748098385
"1539",1539,-1.01248723948884
"1540",1540,-2.9520509983068
"1541",1541,-1.37708417304562
"1542",1542,-1.6567180208728
"1543",1543,0.295458118698997
"1544",1544,-2.00700985718126
"1545",1545,-1.65019483724832
"1546",1546,-3.07193692150487
"1547",1547,-2.05618388379056
"1548",1548,-3.45349690013983
"1549",1549,-1.61964012868869
"1550",1550,-2.80614818183812
"1551",1551,-1.61020378579353
"1552",1552,-0.944250429567076
"1553",1553,-1.95179719828173
"1554",1554,-2.02565691423781
"1555",1555,-3.77760231140575
"1556",1556,-1.70965853679318
"1557",1557,-2.15593379366971
"1558",1558,-0.418508064519916
"1559",1559,-2.32594751956172
"1560",1560,-2.34872607607222
"1561",1561,-2.65507824121887
"1562",1562,-1.26038144781343
"1563",1563,-2.63227222629105
"1564",1564,-2.24422852840285
"1565",1565,-0.246610162587607
"1566",1566,-2.0339207553578
"1567",1567,-1.29467609292632
"1568",1568,-0.0828466350698318
"1569",1569,-1.31849123247999
"1570",1570,-2.27128625708393
"1571",1571,-2.67729949274292
"1572",1572,-3.17593676634247
"1573",1573,-0.400184078260976
"1574",1574,-2.82280139000843
"1575",1575,-0.377567542379332
"1576",1576,-1.67761074494858
"1577",1577,-2.29923602294397
"1578",1578,-0.904391166435855
"1579",1579,-4.40066677422743
"1580",1580,-0.947584378342086
"1581",1581,-1.15088291109706
"1582",1582,-1.78146485227406
"1583",1583,-3.0585484656481
"1584",1584,-1.97910923096275
"1585",1585,-1.8251062497089
"1586",1586,-2.92222775545027
"1587",1587,-1.90342920073002
"1588",1588,-1.16851128880194
"1589",1589,-2.55234486343638
"1590",1590,0.0536204838951706
"1591",1591,-3.07147496074113
"1592",1592,-0.882160734174395
"1593",1593,-2.90584251706382
"1594",1594,-0.798628200060812
"1595",1595,-2.85724126509818
"1596",1596,-2.12790253713309
"1597",1597,-0.658124100339524
"1598",1598,-1.55017516597214
"1599",1599,-2.81593016337269
"1600",1600,-1.89483118932807
"1601",1601,-3.01682191095835
"1602",1602,-1.62943128110763
"1603",1603,-2.71465502251402
"1604",1604,-3.01457973041862
"1605",1605,-2.70228511701656
"1606",1606,-4.69782679558157
"1607",1607,-2.61541773623817
"1608",1608,-0.733329597228211
"1609",1609,-0.776835414799362
"1610",1610,-1.75410307322175
"1611",1611,0.742709924661634
"1612",1612,-3.99554556831093
"1613",1613,0.556584031336555
"1614",1614,-1.96885296897927
"1615",1615,-2.90415240406092
"1616",1616,-1.71237690953352
"1617",1617,-3.60830578985886
"1618",1618,-2.90551203053919
"1619",1619,-0.78189107363481
"1620",1620,-2.10134661134361
"1621",1621,-1.61514068569934
"1622",1622,-0.388358436525477
"1623",1623,-2.66210134277373
"1624",1624,-0.305003402528391
"1625",1625,-2.12430754952545
"1626",1626,-0.157558555860337
"1627",1627,-1.10420700205414
"1628",1628,-3.79084720662652
"1629",1629,-0.11372206763339
"1630",1630,-3.19941777233335
"1631",1631,-1.83654922648972
"1632",1632,-3.53737241573018
"1633",1633,-1.2183688098237
"1634",1634,0.0846552745624094
"1635",1635,-1.65087766588122
"1636",1636,-0.0279718220006056
"1637",1637,-1.87106087473385
"1638",1638,-2.43717764111374
"1639",1639,-2.02468831514137
"1640",1640,-1.03807813193983
"1641",1641,-1.66367815542874
"1642",1642,-3.01199346825866
"1643",1643,-0.105135972279069
"1644",1644,-2.97768988095607
"1645",1645,-0.593144240234228
"1646",1646,-3.17434040421286
"1647",1647,-2.53420267810237
"1648",1648,-3.31478006012529
"1649",1649,-0.730582154962655
"1650",1650,-0.877683207546655
"1651",1651,-0.271399915461722
"1652",1652,-1.29458889990901
"1653",1653,-1.08307041918685
"1654",1654,0.961612427513927
"1655",1655,-1.38004268768029
"1656",1656,-0.953199012220717
"1657",1657,-3.08967287457798
"1658",1658,0.386747660468281
"1659",1659,-2.60362787034937
"1660",1660,-4.88081297627645
"1661",1661,-3.64782239146025
"1662",1662,-1.08753826686322
"1663",1663,-0.856925821335866
"1664",1664,0.195175515852
"1665",1665,-2.87663432646903
"1666",1666,-1.94736188796787
"1667",1667,-1.07841696242479
"1668",1668,-3.41433434092948
"1669",1669,-2.47312339707857
"1670",1670,-3.0965410271331
"1671",1671,-2.27571532874874
"1672",1672,-5.84145287673503
"1673",1673,-1.38072396242587
"1674",1674,-3.16303633017122
"1675",1675,-2.64229080907036
"1676",1676,-0.513170747680119
"1677",1677,-2.60297863509523
"1678",1678,-1.3315246139263
"1679",1679,-4.92318328038118
"1680",1680,-2.57989872849406
"1681",1681,-3.95438983559618
"1682",1682,-1.31394812494946
"1683",1683,-1.12127497519561
"1684",1684,-2.64820483796627
"1685",1685,-2.78441539325609
"1686",1686,-2.90774687778259
"1687",1687,-0.873998474580059
"1688",1688,0.112817563346083
"1689",1689,0.0878930539230653
"1690",1690,-2.05939694033453
"1691",1691,-3.04835943440219
"1692",1692,-0.931307356671904
"1693",1693,-1.97528069567284
"1694",1694,-1.34656700583422
"1695",1695,-2.05380827457043
"1696",1696,-3.90850085094912
"1697",1697,-1.90562902562651
"1698",1698,-0.978631559969096
"1699",1699,-1.35188939903914
"1700",1700,-0.517434549107465
"1701",1701,-3.80290771972703
"1702",1702,-2.96576562844243
"1703",1703,-3.20441792151409
"1704",1704,-2.3272868740765
"1705",1705,-3.63423241882686
"1706",1706,-2.92919529575253
"1707",1707,-1.26650525041131
"1708",1708,-2.02890480694546
"1709",1709,0.733043443257522
"1710",1710,-3.83688872190694
"1711",1711,-1.19533100439398
"1712",1712,-2.78320497612111
"1713",1713,-3.1077043345013
"1714",1714,-3.23652861313546
"1715",1715,-1.06447849690469
"1716",1716,0.0601248105329519
"1717",1717,-0.310777386598079
"1718",1718,-2.93767412817033
"1719",1719,-1.7377872505132
"1720",1720,-4.20285954233512
"1721",1721,-2.45406477465424
"1722",1722,-2.49506645683121
"1723",1723,-1.97560386016857
"1724",1724,-2.67553087407935
"1725",1725,-2.39664198646164
"1726",1726,-1.55009532009693
"1727",1727,0.40393716518329
"1728",1728,-3.28271804304463
"1729",1729,-3.27982162252497
"1730",1730,-1.05392894597275
"1731",1731,-1.93216659287587
"1732",1732,-0.85171804617972
"1733",1733,-3.97650089594187
"1734",1734,-3.35601314574968
"1735",1735,-0.131005531002958
"1736",1736,-2.68322274711493
"1737",1737,-3.51636185045682
"1738",1738,-0.136263199183081
"1739",1739,-1.15098188516921
"1740",1740,-2.04962533977125
"1741",1741,-1.12805176359567
"1742",1742,-1.48463760266295
"1743",1743,-0.536702780402254
"1744",1744,-0.439023394158998
"1745",1745,-1.57457235060512
"1746",1746,-2.46568940276915
"1747",1747,-2.2905851810728
"1748",1748,-2.58147032721528
"1749",1749,-3.4317521849417
"1750",1750,-1.35883348203909
"1751",1751,-1.66316837375633
"1752",1752,-0.321811039844124
"1753",1753,-2.17688363522707
"1754",1754,-1.84416332003229
"1755",1755,-5.22140501045957
"1756",1756,-2.73292301593556
"1757",1757,-1.90115156467892
"1758",1758,-3.44036260099357
"1759",1759,-1.84335594926875
"1760",1760,-1.81344519218036
"1761",1761,-1.17955838851949
"1762",1762,0.683466334014215
"1763",1763,-3.5259584467926
"1764",1764,0.271075179202254
"1765",1765,-2.63960310349394
"1766",1766,-1.51965859917867
"1767",1767,-2.22426171647242
"1768",1768,-3.76017231410746
"1769",1769,-0.952583330997685
"1770",1770,-3.58430107148453
"1771",1771,-0.394316834535034
"1772",1772,-1.44088198578048
"1773",1773,-0.153661579362766
"1774",1774,-2.53184358807469
"1775",1775,0.055541453259238
"1776",1776,-1.33119569845262
"1777",1777,-2.00205118431771
"1778",1778,-1.23938237866332
"1779",1779,-1.64975010304318
"1780",1780,-1.62914842413598
"1781",1781,-0.952061603480979
"1782",1782,-3.48482048580432
"1783",1783,-2.60510462249493
"1784",1784,-1.72555561364064
"1785",1785,-3.62740713130152
"1786",1786,-0.881691898704251
"1787",1787,-2.56760550067056
"1788",1788,-1.61585701713875
"1789",1789,-0.422213066912982
"1790",1790,1.01268086049427
"1791",1791,-2.2420105060208
"1792",1792,-1.91127430436415
"1793",1793,-3.01927489773933
"1794",1794,-3.24650538326953
"1795",1795,-1.30234038745389
"1796",1796,-1.70113728720513
"1797",1797,-0.945849789536326
"1798",1798,-3.09498003213834
"1799",1799,-5.62649695990328
"1800",1800,-2.31016762156195
"1801",1801,-2.46942976675985
"1802",1802,-3.02310268896599
"1803",1803,-0.799567804852045
"1804",1804,-0.420443117837218
"1805",1805,-2.72285342590816
"1806",1806,-1.20057880904366
"1807",1807,-3.07975530814308
"1808",1808,-1.70957704274935
"1809",1809,-3.35323053817167
"1810",1810,-1.55393238136666
"1811",1811,-1.99521354397746
"1812",1812,-2.1447865762257
"1813",1813,-1.60950636807899
"1814",1814,-1.32541055610337
"1815",1815,-2.96320788373926
"1816",1816,-0.588831805136523
"1817",1817,-1.29942904066841
"1818",1818,-0.733525330543997
"1819",1819,0.0408588588341057
"1820",1820,-2.80800806890945
"1821",1821,-0.463271561512314
"1822",1822,-1.96394672415476
"1823",1823,-3.65010421968982
"1824",1824,-2.3441352855536
"1825",1825,-1.50092027389046
"1826",1826,-2.18818378491824
"1827",1827,-2.39273485980157
"1828",1828,-1.9529118746477
"1829",1829,-4.06362212737051
"1830",1830,-2.70722787510839
"1831",1831,-2.49326751634587
"1832",1832,-2.56192216978478
"1833",1833,-1.48307428275673
"1834",1834,-4.33753551135827
"1835",1835,-2.66586070670239
"1836",1836,-2.748711327379
"1837",1837,-3.87388670593327
"1838",1838,-1.34478463817486
"1839",1839,-2.31354774245737
"1840",1840,-4.81162425894223
"1841",1841,-0.329632629610918
"1842",1842,-1.30937359964602
"1843",1843,-2.52657852434575
"1844",1844,-4.5107945943878
"1845",1845,-1.82706081411166
"1846",1846,-1.58838378279255
"1847",1847,-3.8454978701502
"1848",1848,-2.1678359313668
"1849",1849,0.126141816677705
"1850",1850,-2.76611441311604
"1851",1851,-1.76771097144766
"1852",1852,-3.6873009653857
"1853",1853,-1.58567162875679
"1854",1854,-4.28611447229564
"1855",1855,-2.04891033460185
"1856",1856,-1.29026522747715
"1857",1857,0.877673909029745
"1858",1858,-3.72382507391592
"1859",1859,-1.77348877233167
"1860",1860,-3.51949482068978
"1861",1861,-2.51473462218014
"1862",1862,-3.00573174110268
"1863",1863,-2.13821118199631
"1864",1864,-2.91596718861877
"1865",1865,-1.04975029892884
"1866",1866,-3.06002398105132
"1867",1867,-3.02772701762263
"1868",1868,-1.30502852353767
"1869",1869,-1.06913434995426
"1870",1870,-0.476856901518385
"1871",1871,-1.2000886245011
"1872",1872,-2.39371631929739
"1873",1873,-1.69136833331286
"1874",1874,-2.0960610958119
"1875",1875,-0.290337617352351
"1876",1876,-0.610044654379335
"1877",1877,-1.9702359897385
"1878",1878,-3.83606241001775
"1879",1879,-2.14738770995805
"1880",1880,-2.12255810220561
"1881",1881,-2.51847189626235
"1882",1882,-2.93988257080081
"1883",1883,-2.89078000503939
"1884",1884,-1.15613779185573
"1885",1885,-1.87672381276862
"1886",1886,-2.9006057178622
"1887",1887,-2.87369492853832
"1888",1888,-2.00344768900719
"1889",1889,-2.99839292239401
"1890",1890,-2.54527591724541
"1891",1891,-3.24064256381958
"1892",1892,-1.09361820323993
"1893",1893,-0.408338204330664
"1894",1894,-4.40799225534032
"1895",1895,-2.36167046359757
"1896",1896,-0.841920853168047
"1897",1897,-1.84281555354639
"1898",1898,-2.46240845026785
"1899",1899,-1.24353157885477
"1900",1900,-1.75034892829021
"1901",1901,-2.68637889919558
"1902",1902,-3.07363486853735
"1903",1903,-0.248261232115429
"1904",1904,-2.12089668127354
"1905",1905,-2.46297151462541
"1906",1906,-0.543029133662654
"1907",1907,-4.00863874021164
"1908",1908,-3.81043119627685
"1909",1909,-3.25827391807116
"1910",1910,-3.76473486394064
"1911",1911,-3.99622427507836
"1912",1912,-1.19846133948615
"1913",1913,-3.50062818377084
"1914",1914,-1.74564283492481
"1915",1915,-3.17865402327362
"1916",1916,-0.406804811567192
"1917",1917,-2.39539192719786
"1918",1918,-0.922890718074607
"1919",1919,0.509150822932053
"1920",1920,-1.99313064384863
"1921",1921,-2.53715859913319
"1922",1922,-1.96929244261859
"1923",1923,0.215565967263742
"1924",1924,-1.08781928722972
"1925",1925,-2.34364832447044
"1926",1926,-3.99401727352323
"1927",1927,-1.89484813217617
"1928",1928,-3.98471333876013
"1929",1929,-2.69662979264332
"1930",1930,-0.339153239426656
"1931",1931,-0.831601618606966
"1932",1932,0.891165004529332
"1933",1933,-3.07114448158461
"1934",1934,-3.10799889276514
"1935",1935,-2.03929333899477
"1936",1936,-1.86898691394713
"1937",1937,-4.5653699782661
"1938",1938,-1.49099839131089
"1939",1939,-1.7259392139277
"1940",1940,-3.29916831501107
"1941",1941,-5.06167427745672
"1942",1942,-0.56601469905844
"1943",1943,-3.94176547364669
"1944",1944,-0.27278986045258
"1945",1945,-1.52144805642865
"1946",1946,-2.73565392850068
"1947",1947,-0.838202185105172
"1948",1948,-1.05943724640446
"1949",1949,-1.91548264966718
"1950",1950,-1.26355339307387
"1951",1951,-2.5784829333583
"1952",1952,-2.88927691783314
"1953",1953,-0.0398964236687998
"1954",1954,-3.62368330381599
"1955",1955,-1.49907356819588
"1956",1956,-0.829855130625949
"1957",1957,-1.98799135411381
"1958",1958,-3.77739325497995
"1959",1959,-2.50901457840822
"1960",1960,-3.2976558234216
"1961",1961,-0.0829197934486945
"1962",1962,-1.08511930913462
"1963",1963,-2.39557140705605
"1964",1964,-4.10023609950396
"1965",1965,-3.14352166933034
"1966",1966,-2.26651726513093
"1967",1967,-1.45138163670389
"1968",1968,-2.27369581535327
"1969",1969,-1.64039777098515
"1970",1970,-2.61680140814819
"1971",1971,-3.79926180720594
"1972",1972,-0.295870324911498
"1973",1973,-2.33402792413882
"1974",1974,0.381988816096011
"1975",1975,-1.05865559357295
"1976",1976,-2.79613455557988
"1977",1977,-2.000684875189
"1978",1978,-1.9630965603129
"1979",1979,-3.34634458704611
"1980",1980,-1.10484545797897
"1981",1981,-0.344851602535048
"1982",1982,-1.32207484148108
"1983",1983,-2.30144488671558
"1984",1984,-3.11977564326402
"1985",1985,-0.540645451477616
"1986",1986,-1.14245587861995
"1987",1987,-2.91364999058615
"1988",1988,-2.62498307681086
"1989",1989,-3.08084076117686
"1990",1990,-2.7367872702853
"1991",1991,-2.25284057907844
"1992",1992,-1.19841981757425
"1993",1993,-2.87676658209238
"1994",1994,-1.82207701198073
"1995",1995,-1.42888801494649
"1996",1996,-3.49601642489969
"1997",1997,-0.978629107078683
"1998",1998,-3.68825266172765
"1999",1999,-3.08371063997413
"2000",2000,-2.34924815201564
"2001",2001,0.817150383864919
"2002",2002,1.18508131982708
"2003",2003,1.02268749464524
"2004",2004,1.19930727889874
"2005",2005,0.836336810574868
"2006",2006,0.687724787730756
"2007",2007,0.881457694677159
"2008",2008,0.99233028138577
"2009",2009,0.870237557571067
"2010",2010,1.1965488872124
"2011",2011,1.52700789127923
"2012",2012,0.498164265360236
"2013",2013,0.824483111358003
"2014",2014,1.37091080139472
"2015",2015,0.339524858993217
"2016",2016,0.937167083259368
"2017",2017,0.708750854531182
"2018",2018,0.863564194563607
"2019",2019,1.28227625984824
"2020",2020,0.918899471191277
"2021",2021,0.698552988062659
"2022",2022,0.77106851088913
"2023",2023,1.0124719189965
"2024",2024,1.14648236074304
"2025",2025,0.804950267179284
"2026",2026,0.605989454089927
"2027",2027,1.60090028888769
"2028",2028,1.05310878815168
"2029",2029,0.680685245546922
"2030",2030,0.459188437173007
"2031",2031,1.28669559518552
"2032",2032,1.46984713710496
"2033",2033,1.01543653275167
"2034",2034,0.995771741084777
"2035",2035,1.28467999717438
"2036",2036,1.60550145880974
"2037",2037,0.916221714708696
"2038",2038,1.2442646022135
"2039",2039,0.852561016963608
"2040",2040,1.09417188206035
"2041",2041,1.0050789803348
"2042",2042,0.876272288219344
"2043",2043,1.59048005444832
"2044",2044,1.56125799200074
"2045",2045,1.64964335697331
"2046",2046,0.571412340873819
"2047",2047,0.918595264612276
"2048",2048,1.43360377088354
"2049",2049,1.01205118440682
"2050",2050,0.969753904159738
"2051",2051,1.15132740185237
"2052",2052,1.3159020648949
"2053",2053,1.097585571827
"2054",2054,1.45048503280748
"2055",2055,1.42390034203037
"2056",2056,0.864113758721473
"2057",2057,1.05868171350812
"2058",2058,1.05505913511957
"2059",2059,1.23841912379744
"2060",2060,1.19403404709177
"2061",2061,0.93988252308375
"2062",2062,0.663966950796978
"2063",2063,1.14627395845077
"2064",2064,1.08568802937248
"2065",2065,0.865555028968749
"2066",2066,1.44911188280395
"2067",2067,1.35095232884887
"2068",2068,1.35924985435376
"2069",2069,1.07958082144543
"2070",2070,0.457320087811133
"2071",2071,1.22404542891855
"2072",2072,1.08860169541548
"2073",2073,0.891438559296228
"2074",2074,0.833285855523307
"2075",2075,1.47424578258568
"2076",2076,0.45188397312329
"2077",2077,1.66829330199466
"2078",2078,1.46634342080868
"2079",2079,1.05747670835782
"2080",2080,1.25010438933116
"2081",2081,1.09591969723192
"2082",2082,0.733906658313805
"2083",2083,1.09736379952422
"2084",2084,1.42210034281416
"2085",2085,0.945689098629648
"2086",2086,0.890025622249531
"2087",2087,0.83720798231459
"2088",2088,1.16264093103769
"2089",2089,1.34349991564865
"2090",2090,0.867799297844838
"2091",2091,0.899965203402663
"2092",2092,1.80260164998095
"2093",2093,0.998613700332549
"2094",2094,1.361544856983
"2095",2095,0.71269562910463
"2096",2096,1.07120295089346
"2097",2097,1.02272414919805
"2098",2098,1.00695815986804
"2099",2099,0.806218628550666
"2100",2100,1.38093609407135
"2101",2101,0.810416797378277
"2102",2102,1.5358157952342
"2103",2103,0.742572233914783
"2104",2104,0.887749023390625
"2105",2105,1.27407696043399
"2106",2106,1.12381742055501
"2107",2107,0.824217041268662
"2108",2108,1.44644061151772
"2109",2109,1.32470434166136
"2110",2110,0.282457595871824
"2111",2111,1.86349982076007
"2112",2112,0.878501933817656
"2113",2113,0.96581469063175
"2114",2114,0.874123331772087
"2115",2115,1.40286158933511
"2116",2116,1.38663447681344
"2117",2117,1.4228562961784
"2118",2118,1.00197347830361
"2119",2119,1.10504775081242
"2120",2120,1.0370138650323
"2121",2121,1.12167089094553
"2122",2122,1.03802992004748
"2123",2123,1.15249044358689
"2124",2124,0.656348301266729
"2125",2125,1.12094686690056
"2126",2126,1.52392913215673
"2127",2127,0.783469724084499
"2128",2128,0.708913362272664
"2129",2129,1.60731329378671
"2130",2130,0.400755189804969
"2131",2131,0.898561788070926
"2132",2132,0.501955631862689
"2133",2133,1.29569757511145
"2134",2134,0.728033112214639
"2135",2135,1.14451834811149
"2136",2136,0.815106445750699
"2137",2137,1.0737896440667
"2138",2138,1.09655331280444
"2139",2139,1.02324720206921
"2140",2140,1.11620138678779
"2141",2141,1.04891979149768
"2142",2142,1.10250130428926
"2143",2143,0.877500931039329
"2144",2144,0.780354860119342
"2145",2145,0.659800137519996
"2146",2146,0.730172440831511
"2147",2147,0.759587657278189
"2148",2148,1.88235726321584
"2149",2149,0.537895470553234
"2150",2150,1.12363713200128
"2151",2151,0.880229608569008
"2152",2152,0.549996359255327
"2153",2153,0.722813485827291
"2154",2154,1.3014553185194
"2155",2155,1.07575914415361
"2156",2156,1.48808515631368
"2157",2157,0.564110639802572
"2158",2158,1.35432513561134
"2159",2159,1.56058258142856
"2160",2160,1.24241423000492
"2161",2161,0.969889652477525
"2162",2162,0.507483296614003
"2163",2163,1.40152018253457
"2164",2164,1.28622966971805
"2165",2165,1.10147610054193
"2166",2166,0.680755981664926
"2167",2167,0.646288514292374
"2168",2168,0.928757153109492
"2169",2169,0.633763455489786
"2170",2170,1.46283557111908
"2171",2171,0.883382482189834
"2172",2172,1.54791765849291
"2173",2173,0.87401674933248
"2174",2174,1.57704721503319
"2175",2175,0.425982462330099
"2176",2176,0.938825661167442
"2177",2177,0.712407966259685
"2178",2178,0.427819896965217
"2179",2179,1.30252835408479
"2180",2180,0.956015142727642
"2181",2181,1.34028293194195
"2182",2182,0.579551944049237
"2183",2183,1.04637244959734
"2184",2184,1.33833274045295
"2185",2185,1.281239419245
"2186",2186,1.58379428402772
"2187",2187,1.39542240364532
"2188",2188,1.4632549960071
"2189",2189,1.36852228657599
"2190",2190,1.03069010532234
"2191",2191,1.70347585158979
"2192",2192,0.57403749455112
"2193",2193,0.962650996392126
"2194",2194,1.17632752109257
"2195",2195,1.21272795558305
"2196",2196,1.37081069654028
"2197",2197,1.29528467594238
"2198",2198,1.13503938177274
"2199",2199,0.47415511448072
"2200",2200,1.05731975139665
"2201",2201,1.18063714561796
"2202",2202,1.45374123346436
"2203",2203,1.26904418510373
"2204",2204,1.14830817858186
"2205",2205,1.36982051299928
"2206",2206,1.68846118995556
"2207",2207,1.03449679946993
"2208",2208,0.687389978306235
"2209",2209,1.366837665052
"2210",2210,0.758322413756385
"2211",2211,0.556067330188856
"2212",2212,0.443755001926921
"2213",2213,1.04801863310283
"2214",2214,0.654028127453614
"2215",2215,1.00187493762494
"2216",2216,0.624730021032669
"2217",2217,0.902920320496992
"2218",2218,1.16456036656192
"2219",2219,0.679873145814616
"2220",2220,1.42322803168721
"2221",2221,0.705063266693911
"2222",2222,0.798943432294777
"2223",2223,1.2375255572718
"2224",2224,0.981002100755504
"2225",2225,1.03343712426301
"2226",2226,0.714738089482784
"2227",2227,0.593991897461875
"2228",2228,0.843683473461387
"2229",2229,1.40838124392656
"2230",2230,0.759684781394803
"2231",2231,1.48695772566823
"2232",2232,1.49049178485183
"2233",2233,1.25193659909574
"2234",2234,1.5342081991884
"2235",2235,1.5196189001662
"2236",2236,1.10986707829582
"2237",2237,1.58318747849732
"2238",2238,0.333445832608105
"2239",2239,0.937575306571842
"2240",2240,0.918895143994919
"2241",2241,1.68920639299316
"2242",2242,1.03706075409726
"2243",2243,1.0524366920749
"2244",2244,1.03690339669733
"2245",2245,1.32935047045172
"2246",2246,0.515448454716885
"2247",2247,1.14527575583671
"2248",2248,1.27420704337239
"2249",2249,0.87789714536636
"2250",2250,1.53910128140015
"2251",2251,0.567462094772369
"2252",2252,1.24617440060913
"2253",2253,1.44173894375391
"2254",2254,1.09703728866681
"2255",2255,0.756864062122087
"2256",2256,1.21306638040616
"2257",2257,1.50448485735925
"2258",2258,1.09732226759311
"2259",2259,1.08949370108798
"2260",2260,1.00622343710607
"2261",2261,1.5685237344941
"2262",2262,1.07564439708111
"2263",2263,0.847702661923344
"2264",2264,0.812541016704818
"2265",2265,1.37581622386619
"2266",2266,1.14954548735024
"2267",2267,1.27393524735126
"2268",2268,1.63406805933053
"2269",2269,1.4104370351796
"2270",2270,1.2814128321584
"2271",2271,0.621281210401823
"2272",2272,1.29147153493138
"2273",2273,0.924876647028159
"2274",2274,1.10313159267085
"2275",2275,1.08810727092828
"2276",2276,1.32842787568108
"2277",2277,1.02701438429886
"2278",2278,1.35475109568466
"2279",2279,1.00453670833038
"2280",2280,0.621662818602134
"2281",2281,1.06263756202325
"2282",2282,1.09395040693398
"2283",2283,1.18027569794711
"2284",2284,1.19705948144369
"2285",2285,0.724498388498886
"2286",2286,0.968934829321914
"2287",2287,0.958507648179791
"2288",2288,1.20166782695246
"2289",2289,0.822553377790582
"2290",2290,0.334505844881521
"2291",2291,1.0802845152814
"2292",2292,0.553549969038692
"2293",2293,0.850931486972419
"2294",2294,1.23775415729291
"2295",2295,1.22005171454122
"2296",2296,1.6373025824589
"2297",2297,1.16705420835337
"2298",2298,0.945459840345494
"2299",2299,0.82065242345868
"2300",2300,1.02211018285052
"2301",2301,0.48960748058631
"2302",2302,1.03288360388313
"2303",2303,0.996870113173469
"2304",2304,1.3253831739256
"2305",2305,1.04320094311854
"2306",2306,0.922136066647997
"2307",2307,1.88841234585759
"2308",2308,0.840398098313187
"2309",2309,0.701423406166599
"2310",2310,1.18213817511399
"2311",2311,1.34005197359827
"2312",2312,0.230814897077863
"2313",2313,1.13112633916246
"2314",2314,1.20623580237818
"2315",2315,0.91812511911131
"2316",2316,0.936431638009176
"2317",2317,1.52535763771197
"2318",2318,1.2581497943503
"2319",2319,1.69097092532094
"2320",2320,0.676507677432331
"2321",2321,0.759964167545256
"2322",2322,1.22130084461363
"2323",2323,1.07829246308478
"2324",2324,1.42070604221612
"2325",2325,1.36274152303417
"2326",2326,1.23091482407813
"2327",2327,1.53886850448573
"2328",2328,1.35459472065324
"2329",2329,0.747772981512022
"2330",2330,0.829129790310304
"2331",2331,1.28672244797528
"2332",2332,0.849642615273768
"2333",2333,0.791081331342698
"2334",2334,1.68023108156783
"2335",2335,0.927795251784622
"2336",2336,0.751272530517561
"2337",2337,1.11909361880727
"2338",2338,1.45704671417657
"2339",2339,0.342459742291709
"2340",2340,1.15840654020014
"2341",2341,0.904069470834356
"2342",2342,1.25176924271624
"2343",2343,1.5496599851076
"2344",2344,1.09616422075619
"2345",2345,1.23727452319206
"2346",2346,1.73500969591896
"2347",2347,0.327083614060041
"2348",2348,1.0176804416663
"2349",2349,0.509194528991631
"2350",2350,1.19713425643994
"2351",2351,1.33904235879096
"2352",2352,0.705721143450069
"2353",2353,1.15742207431986
"2354",2354,0.21583995666454
"2355",2355,1.0874702710853
"2356",2356,0.524541107911652
"2357",2357,1.04759939819667
"2358",2358,1.03914712221054
"2359",2359,1.10096182722117
"2360",2360,1.07835676934725
"2361",2361,1.02672563144047
"2362",2362,1.61576592664912
"2363",2363,1.57292335430064
"2364",2364,1.27174713870665
"2365",2365,0.580685863450594
"2366",2366,1.41599793119061
"2367",2367,1.61941462452903
"2368",2368,1.26174687838163
"2369",2369,0.913863552770469
"2370",2370,0.860529231263984
"2371",2371,1.28900691646057
"2372",2372,1.4851580941363
"2373",2373,1.40153068103363
"2374",2374,1.26240791304877
"2375",2375,1.46620451878054
"2376",2376,1.41627890184439
"2377",2377,0.601311032418377
"2378",2378,1.33100546082848
"2379",2379,1.01182847122311
"2380",2380,1.30661505433356
"2381",2381,1.53851240130826
"2382",2382,1.31566719263923
"2383",2383,1.02498286464483
"2384",2384,1.49814473991548
"2385",2385,0.733535171799703
"2386",2386,1.17122018676866
"2387",2387,1.32081089990716
"2388",2388,1.89548658840647
"2389",2389,1.16493742563809
"2390",2390,1.03773191331984
"2391",2391,0.980910243230848
"2392",2392,1.34810640119321
"2393",2393,0.941190615108844
"2394",2394,1.09736485959126
"2395",2395,0.830485909876028
"2396",2396,1.26394505271711
"2397",2397,0.557628339987193
"2398",2398,1.54593733295487
"2399",2399,1.00882643581122
"2400",2400,1.32335394486165
"2401",2401,0.402984398321656
"2402",2402,1.16817011019
"2403",2403,1.08069970413132
"2404",2404,1.04371862397059
"2405",2405,0.446212699413025
"2406",2406,1.65327744737505
"2407",2407,1.4095960764667
"2408",2408,0.682595125409325
"2409",2409,0.907691036214734
"2410",2410,1.09855990465317
"2411",2411,1.12914279515119
"2412",2412,0.845008009280295
"2413",2413,1.56748337595439
"2414",2414,0.925236939545393
"2415",2415,1.03772452206153
"2416",2416,0.690734062426984
"2417",2417,1.10712938306998
"2418",2418,1.13981370228729
"2419",2419,0.726136676963957
"2420",2420,0.999142364741211
"2421",2421,1.57262507379448
"2422",2422,1.53523105436425
"2423",2423,1.06735282797924
"2424",2424,1.02831486475676
"2425",2425,1.02068245874803
"2426",2426,0.627787795174709
"2427",2427,1.58202249113925
"2428",2428,1.27481943082784
"2429",2429,0.389006027782155
"2430",2430,0.784921501600265
"2431",2431,0.811589403347747
"2432",2432,1.01475021029487
"2433",2433,1.15285817237183
"2434",2434,0.734882650308277
"2435",2435,1.12676429328123
"2436",2436,1.04240448762128
"2437",2437,0.935282559845606
"2438",2438,0.520168086653785
"2439",2439,0.713559528057263
"2440",2440,1.72687649348554
"2441",2441,0.833661506981012
"2442",2442,0.767932511750053
"2443",2443,1.17009892380466
"2444",2444,1.06705424485177
"2445",2445,1.16354489050696
"2446",2446,1.48967866787481
"2447",2447,1.45715521486766
"2448",2448,0.692611426743671
"2449",2449,0.870903544270532
"2450",2450,1.29043808210073
"2451",2451,1.08192416928141
"2452",2452,0.842465542318505
"2453",2453,1.45899804322369
"2454",2454,1.42333535461406
"2455",2455,0.838725880912685
"2456",2456,1.5509147455634
"2457",2457,0.703292237779095
"2458",2458,1.16582042381686
"2459",2459,1.45144039692502
"2460",2460,1.82805294031497
"2461",2461,0.8969709551217
"2462",2462,1.39173291152846
"2463",2463,1.02225048284756
"2464",2464,1.14397079489266
"2465",2465,1.49766447422654
"2466",2466,0.927248645536481
"2467",2467,0.878159044959448
"2468",2468,0.37304915479552
"2469",2469,1.11555914976837
"2470",2470,0.634517520917729
"2471",2471,0.229914230272235
"2472",2472,1.22829044214433
"2473",2473,0.998190704377228
"2474",2474,0.988548502806295
"2475",2475,0.561764158216485
"2476",2476,1.35810261351849
"2477",2477,1.03506866929424
"2478",2478,1.4944538625915
"2479",2479,1.28734174312036
"2480",2480,0.338167915153052
"2481",2481,1.25501380095047
"2482",2482,0.532406752295807
"2483",2483,0.990044850985843
"2484",2484,1.4386127977439
"2485",2485,1.26746931779399
"2486",2486,0.857339662582399
"2487",2487,1.86446214317387
"2488",2488,0.336168781225117
"2489",2489,1.02683581630068
"2490",2490,1.19402208428235
"2491",2491,0.634197572634435
"2492",2492,1.16009386586228
"2493",2493,1.17056166384459
"2494",2494,0.818859752705856
"2495",2495,0.61637086953002
"2496",2496,0.947857475798602
"2497",2497,0.953406152714191
"2498",2498,0.875072347646226
"2499",2499,1.34044087265182
"2500",2500,0.537403507490452
